կազմակերպել,ել,նբ.
խուզել,ել,նբ.
սպանել,ել,նբ.
թարգմանել,ել,նբ.
խոսել,ել,նբ.,չբ.
քայլել,ել,չբ.
շպրտել,ել,նբ.
քշել,ել,նբ.,չբ.
որսալ,ալ,նբ.
մրսել,ել,չբ.
հասնել,ել,չբ
անհանգստանալ,ալ,չբ.
հոտոտել,ել,նբ.
լսել,ել,նբ.
հրամայել,ել,նբ.
ծծել,ել,նբ.
հիմարանալ,ալ,չբ.
խմել,ել,նբ.
հորանջել,ել,չբ.
սիրել,ել,նբ.
հասկանալ,ալ,նբ.
լինել,ել,չբ.
սովորել,ել,նբ.
ուտել,ել,նբ.
տեսնել,ել,նբ.
նկարել,ել,նբ.
գրել,ել,նբ.
ունենալ,ալ,նբ.
հավատալ,ալ,չբ.,նբ.
ապրել,ել,չբ.,նբ.
կանչել,ել,նբ.
հավաքել,ել,նբ.
անել,ել,նբ.
մտնել,ել,չբ.
գնալ,ալ,չբ.
գնել,ել,նբ.
սպասել,ել,չբ.,նբ.,
կարդալ,ալ,նբ.
հիշել,ել,նբ.
կանգնել,ել,չբ.
խորովել,ել,նբ.
շարժել,ել,նբ.
շարունակել,ել,նբ.
աշխատել,ել,չբ.,նբ.
չարանալ,ալ,չբ.
կարոտել,ել,չբ.,նբ.
ուզել,ել,նբ.
քնել,ել,չբ.
նայել,ել,չբ.
վազել,ել,չբ.
խոստանալ,ալ,նբ.
ֆշշալ,ալ,չբ.
հարբել,ել,չբ.
պարել,ել,չբ.
համբուրել,ել,նբ.
երազել,ել,նբ.
ուղարկել,ել,նբ.
պահել,ել,նբ.
ստանալ,ալ,նբ.
մտածել,ել,նբ.
հաղթել,ել,նբ.
հարցնել,ել,նբ.
կառուցել,ել,նբ.
կռվել,ել,չբ.
կռել,ել,նբ.
մարտնչել,ել,չբ.
հաստատել,ել,նբ.
ուզենալ,ալ,նբ.
ցանկանալ,ալ,նբ.
պառկել,ել,չբ.
փախչել,ել,չբ.
ազատել,ել,չբ.
աղաչել,ել,նբ.,չբ.
պաղատել,ել,չբ.,նբ.
աղոթել,ել,չբ.
աճել,ել,չբ.
բարևել,ել,չբ.
սահմանել,ել,նբ.
օգտագործել,ել,նբ.
սարքել,ել,նբ.
պատրաստել,ել,նբ.
շեշտել,ել,նբ.
խնդրել,ել,նբ.
կառավարել,ել,նբ.
աղավաղել,ել,նբ.
հոսել,ել,չբ.,նբ.
պատռել,ել,նբ.
գոռալ,ալ,չբ.
հանել,ել,նբ.
կրել,ել,նբ.
պատմել,ել,նբ.
հայտնել,ել,նբ.
հայտարարել,ել,նբ.
համարել,ել,նբ.
վերցնել,ել,նբ.
դնել,ել,նբ.
կախել,ել,նբ.
ժպտալ,ալ,չբ.
ծիծաղել,ել,չբ.
հանձնել,ել,նբ.
արարել,ել,նբ.
լցնել,ել,նբ.
պատկերել,ել,նբ.
բացատրել,ել,նբ.
հազալ,ալ,չբ.
մաղթել,ել,չբ.
փռշտալ,ալ,չբ.
լիզել,ել,նբ.
կատարել,ել,նբ.
կատաղել,ել,չբ.
զննել,ել,նբ.
դառնալ,ալ,չբ.
քննել,ել,նբ.
վերադառնալ,ալ,չբ.
զարմանալ,ալ,չբ.
գիտենալ,ալ,նբ.
իմանալ,ալ,նբ.
փրկել,ել,նբ.
տանել,ել,նբ.
գործել,ել,չբ.,նբ.
առնել,ել,նբ.
կտրել,ել,նբ.
բռնաբարել,ել,նբ.
ծխել,ել,նբ.,չբ.
արբենալ,ալ,չբ.
պաշտպանել,ել,նբ.
բերել,ել,նբ.
քաղել,ել,նբ.
խոսել,ել,նբ.,չբ.
բացել,ել,նբ.
փակել,ել,նբ.
ըմպել,ել,նբ.,չբ.
բրդել,ել,նբ.,չբ.
թռչել,ել,չբ.
թռնել,ել,չբ.
հետևել,ել,չբ.
բուսնել,ել,չբ.
խաղալ,ալ,չբ.,նբ.
նվագել,ել,նբ.,չբ.
բանալ,ալ,նբ.
թրջել,ել,նբ.
թառամել,ել,չբ.
թարշամել,ել,չբ.
հաշվել,ել,նբ.
քերել,ել,նբ.
աղալ,ալ,նբ.
արտասվել,ել,չբ.
դիել,ել,չբ.,նբ.
երգել,ել,նբ.,չբ.
կրծել,ել,նբ.
կարծել,ել,նբ.
կծել,ել,նբ.
ատել,ել,նբ.
նկատել,ել,նբ.
մկրտել,ել,նբ.
կեղծել,ել,չբ.,նբ.
կեղեքել,ել,նբ.
տանջել,ել,նբ.
ործկալ,ալ,չբ.
փսխել,ել,չբ.,նբ.
խառնել,ել,նբ.
գողանալ,ալ,նբ.
ընդունել,ել,նբ.
աղերսել,ել,նբ.
հարգել,ել,նբ.
գտնել,ել,նբ.
ծնել,ել,նբ.
ծանուցել,ել,նբ.
ճանաչել,ել,նբ.
ծամել,ել,նբ.
ձուլել,ել,նբ.
գարշել,ել,չբ.
քրտնել,ել,չբ.
հանգչել,ել,չբ.
կոճկել,ել,նբ.,չբ.
կերակրել,ել,նբ.
թքել,ել,նբ.
փչել,ել,նբ.
շնչել,ել,նբ.,չբ.
զգալ,ալ,նբ.
վախենալ,ալ,չբ.
մեռնել,ել,չբ.
մահանալ,ալ,չբ.
խփել,ել,նբ.
հարվածել,ել,նբ.
բաժանել,ել,նբ.
խոցել,ել,նբ.
քորել,ել,նբ.
փորել,ել,նբ.
լողալ,ալ,չբ.
լողանալ,ալ,չբ.
խաբել,ել,նբ.
ստել,ել,չբ.
նստել,ել,չբ.
շրջվել,ել,չբ.
ընկնել,ել,չբ.
բռնել,ել,նբ.
սեղմել,ել,նբ.
ծեծել,ել,նբ.
ջնջել,ել,նբ.
մաքրել,ել,նբ.
շփել,ել,նբ.,չբ.
լվանալ,ալ,նբ.
սրբել,ել,նբ.
ձգել,ել,նբ.
քաշել,ել,նբ.
հրել,ել,նբ.
նետել,ել,նբ.
կապել,ել,նբ.
կարել,ել,նբ.
ուռել,ել,չբ.
սառչել,ել,չբ.
վառել,ել,նբ.
այրել,ել,նբ.
կրակել,ել,նբ.,չբ.
վառվել,ել,չբ.
այրվել,ել,չբ.
փտել,ել,չբ.
նեխել,ել,չբ.
չորանալ,ալ,չբ.
քերծել,ել,նբ.
դավաճանել,ել,չբ.
գովել,ել,նբ.
զանգել,ել,նբ.,չբ.
զանգահարել,ել,նբ.,չբ.
այցելել,ել,չբ.,նբ.
անվանել,ել,նբ.
սանձել,ել,նբ.
արձակել,ել,նբ.
արյունահոսել,ել,չբ.
արձագանքել,ել,չբ.
հագնել,ել,նբ.
ներկել,ել,նբ.
որոճալ,ալ,նբ.
որոճել,ել,նբ.
ապստամբել,ել,չբ.
քավել,ել,նբ.
շինել,ել,նբ.
թարթել,ել,նբ.,չբ.
սանրել,ել,նբ.
քամել,ել,նբ.
օծել,ել,նբ.
որբանալ,ալ,նբ.
լուծել,ել,նբ.,չբ.
անձրևել,ել,չբ.,նբ.
պահպանել,ել,նբ.
խոսալ,ալ,նբ.,չբ.
չափել,ել,նբ.
միանալ,ալ,չբ.
մոտենալ,ալ,չբ.
կիսել,ել,նբ.
կտակել,ել,նբ.
փոխանակել,ել,նբ.
բղավել,ել,չբ.
հավելել,ել,նբ.
կթել,ել,նբ.
ցավել,ել,չբ.
ցավալ,ալ,չբ.
վիճել,ել,չբ.
ստիպել,ել,նբ.
թլփատել,ել,նբ.
կարողանալ,ալ,չբ.
թափել,ել,նբ.
կակազել,ել,չբ.
խնչել,ել,նբ.
կորչել,ել,չբ.
արդուկել,ել,նբ.
սկսել,ել,նբ.,չբ.
ածել,ել,նբ.
երդվել,ել,չբ.
հայհոյել,ել,նբ.
եփել,ել,նբ.,չբ.
գցել,ել,նբ.
զբաղվել,ել,չբ.
համակարգել,ել,նբ.
սրել,ել,նբ.
նախաճաշել,ել,չբ.
ամուսնանալ,ալ,չբ.
բանտարկել,ել,նբ.
երթալ,ալ,չբ.
խորխել,ել,չբ.
զոդել,ել,նբ.
սազել,ել,չբ.,նբ.
ընթերցել,ել,նբ.
բանել,ել,չբ.
ծառայել,ել,չբ.
գրադարձել,ել,նբ.
տառադարձել,ել,նբ.
մրցել,ել,չբ.
թողնել,ել,նբ.
բառնալ,ալ,նբ.
կենալ,ալ,չբ.
ելնել,ել,չբ.
շռել,ել,չբ.
մոռանալ,ալ,նբ.
կաշառել,ել,նբ.
նեղանալ,ալ,չբ.
վաճառել,ել,նբ.
սրճել,ել,չբ.,նբ.
կոտրել,ել,նբ.
փչանալ,ալ,չբ.
զարթնել,ել,չբ.
արթնանալ,ալ,չբ.
մնալ,ալ,չբ.
կրկնել,ել,նբ.
կպչել,ել,չբ.
դարսել,ել,նբ.
զարդարել,ել,նբ.
ճաքել,ել,չբ.
կիտել,ել,նբ.
քցել,ել,նբ.
պակասել,ել,չբ.
փայլել,ել,չբ.
զբոսնել,ել,չբ.,նբ.
արկանել,ել,նբ.
բազմել,ել,չբ.
հայել,ել,չբ.
երկնչել,ել,չբ.
թաքչել,ել,չբ.
առաքել,ել,նբ.
մերձենալ,ալ,չբ.
համբերել,ել,չբ.
ուսանել,ել,նբ.,չբ.
մեծանալ,ալ,չբ.
հագենալ,ալ,չբ.
համենալ,ալ,չբ.
բանալ,ալ,նբ.
կառչել,ել,չբ.
հանգել,ել,չբ.
մատչել,ել,չբ.
փախնել,ել,չբ.
կորնչել,ել,չբ.
կորել,ել,չբ.
կործանել,ել,նբ.
կործել,ել,նբ.
ամաչել,ել,չբ.
անիծել,ել,նբ.
անջատել,ել,նբ.
արածել,ել,չբ.,նբ.
զատել,ել,նբ.
զեղծել,ել,նբ.
լքել,ել,նբ.
սուզել,ել,նբ.
տարածել,ել,նբ.
ծածանել,ել,նբ.,չբ.
սասանել,ել,նբ.
փոխել,ել,նբ.
խափանել,ել,նբ.
կամենալ,ալ,նբ.
գոհանալ,ալ,չբ.
թուլանալ,ալ,չբ.
հեռանալ,ալ,չբ.
մերկանալ,ալ,չբ.
սլանալ,ալ,չբ.
բարձրանալ,ալ,չբ.
բաղձալ,ալ,նբ.
զղջալ,ալ,չբ.,նբ.
ըղձալ,ալ,նբ.,չբ.
խրոխտալ,ալ,չբ.
ծուլանալ,ալ,չբ.
մուրալ,ալ,չբ.
ոխանալ,ալ,չբ.
տաղտկանալ,ալ,չբ.
տենչալ,ալ,չբ.
կլանել,ել,նբ.
սորալ,ալ,չբ.
խածատել,ել,նբ.
խանձատել,ել,նբ.
խոցոտել,ել,նբ.,չբ.
ճեմել,ել,չբ.
շիկնել,ել,չբ.
պայթել,ել,չբ.
վախել,ել,չբ.
արգելել,ել,նբ.
զենել,ել,նբ.
կիզել,ել,նբ.
գերծել,ել,նբ.
ստեղծել,ել,նբ.
եղծանել,ել,նբ.
եղծել,ել,նբ.
ընդոստել,ել,չբ.
ուռչել,ել,չբ.
սառել,ել,չբ.
մեղկանալ,ալ,չբ.
գուշակել,ել,նբ.
փողոտել,ել,նբ.
գթալ,ալ,չբ.
փութալ,ալ,չբ.
խիթալ,ալ,չբ.
դողալ,ալ,չբ.
եռալ,ալ,չբ.
զեռալ,ալ,չբ.
խոկալ,ալ,նբ.,չբ.
հոգալ,ալ,չբ.,նբ.
շողալ,ալ,չբ.,նբ.
ողբալ,ալ,չբ.,նբ.
ոռնալ,ալ,չբ.,նբ.
ջանալ,ալ,չբ.
սգալ,ալ,չբ.,նբ.
սիգալ,ալ,չբ.
ցնծալ,ալ,չբ.
իջնել,ել,չբ.
հարկանել,ել,նբ.
ցուցանել,ել,նբ.
անցնել,ել,չբ.,նբ.
հաճել,ել,չբ.
ողորմել,ել,նբ.
ընթանալ,ալ,չբ.
շիջուցանել,ել,նբ.
ուսուցանել,ել,նբ.
ստամբակել,ել,չբ.
մեղանչել,ել,չբ.
երգիծել,ել,նբ.
երևալ,ալ,չբ.
հերքել,ել,նբ.
զգենալ,ալ,նբ.,չբ.
պեղել,ել,նբ.
ընդոստնել,ել,չբ.
ընթեռնել,ել,չբ.
թաքցնել,ել,նբ.
թաքնվել,ել,չբ.
լոգանալ,ալ,չբ.
լուցել,ել,նբ.
խանդել,ել,չբ.
խեթել,ել,նբ.
խրտնել,ել,չբ.
տժվժալ,ալ,չբ.
կալնել,ել,նբ.
կալել,ել,նբ.
հյուծել,ել,նբ.
կարենալ,ալ,չբ.
բարձրաձայնել,ել,նբ.
հարել,ել,նբ.,չբ.
հեծնել,ել,նբ.
հեղել,ել,նբ.
հեղուսել,ել,նբ.
հեռացնել,ել,նբ.
հյուսել,ել,նբ.
մատուցել,ել,նբ.
մոլորվել,ել,չբ.
համառել,ել,չբ.
հարնչել,ել,չբ.
հենել,ել,նբ.
հեռել,ել,չբ.
հոխորտալ,ալ,չբ.
հորդել,ել,չբ.,նբ.
շաչել,ել,չբ.
շիջել,ել,չբ.,նբ
մտաբերել,ել,նբ.
ոստնել,ել,չբ.
պանծալ,ալ,չբ.
ջեռուցել,ել,նբ.
սխալվել,ել,չբ.
սպրդել,ել,չբ.
ցտել,ել,նբ.
քաղցել,ել,չբ.
խմբագրել,ել,նբ.
ընտրվել,ել,չբ.
ահագնանալ,ալ,չբ.
օգնել,ել,չբ.
չվել,ել,չբ.
ընտրել,ել,նբ.
քարշել,ել,նբ.
քարոզել,ել,նբ.
քծնել,ել,չբ.
քննադատել,ել,նբ.
քննարկել,ել,նբ.
քոչել,ել,չբ.
փլել,ել,նբ.,չբ.
փոխարինել,ել,նբ.
ապաշխարել,ել,չբ.
արհամարհել,ել,նբ.
հեղեղել,ել,նբ.
գիշատել,ել,նբ.
նազել,ել,չբ.
պաշտել,ել,նբ.
հալածել,ել,նբ.
բացականչել,ել,չբ.
կարմրանալ,ալ,չբ.
կարմրել,ել,չբ.
տարբերել,ել,նբ.
տեղեկանալ,ալ,չբ.
տևել,ել,չբ.
ուղեկցել,ել,նբ.,չբ.
տնքալ,ալ,չբ.
տպել,ել,նբ.
տրամադրել,ել,նբ.
միզել,ել,նբ.
գոչել,ել,չբ.
հպարտանալ,ալ,չբ.
կնքել,ել,նբ.
խարխլել,ել,նբ.
ագուցել,ել,նբ.
ագուցանել,ել,նբ.
ազազել,ել,չբ.
ազազանալ,ալ,չբ.
համոզել,ել,նբ.
լռել,ել,չբ.
քանդել,ել,նբ.
ածանցել,ել,նբ.
եպերել,ել,նբ.
լուտալ,ալ,չբ.
մեծարել,ել,նբ.
կենդանանալ,ալ,չբ.
ճաշել,ել,չբ.
նախատել,ել,նբ.
հեգել,ել,նբ.
սրտառել,ել,չբ.
դրվատել,ել,նբ.
թրմել,ել,նբ.
թրել,ել,նբ.
հարբենալ,ալ,չբ.
արբել,ել,նբ.
աղարտել,ել,նբ.
աղատել,ել,չբ.
լքնել,ել,չբ.
առոգել,ել,նբ.
առոգանել,ել,նբ.
ոգել,ել,նբ.
ոռոգել,ել,նբ.
արգահատել,ել,նբ.,չբ.
արմանալ,ալ,չբ.
ընդարմանալ,ալ,չբ.
պապանձել,ել,նբ.,չբ.
օթել,ել,չբ.
գնչել,ել,չբ.
բախել,ել,նբ.,չբ.
բաղխել,ել,նբ.,չբ.
բարբաջել,ել,նբ.,չբ.
բարբանջել,ել,նբ.,չբ.
բաղբանջել,ել,նբ.,չբ.
բաղբաջել,ել,նբ.,չբ.
բամբասել,ել,նբ.
բաջաղել,ել,նբ.,չբ.
բարբառել,ել,չբ.
բեկանել,ել,նբ.
բեկել,ել,նբ.
բզզալ,ալ,չբ.
բլբլալ,ալ,չբ.
բողոքել,ել,չբ.
բուծել,ել,նբ.
բուծանել,ել,նբ.
բտել,ել,նբ.
բորբոքել,ել,նբ.
գելել,ել,նբ.
գեղգեղել,ել,նբ.,չբ.
գլել,ել,նբ.
գլորել,ել,նբ.
գայթակղել,ել,նբ.
գլդորել,ել,նբ.
գլտորել,ել,նբ.
գոգել,ել,չբ.
գոլանալ,ալ,չբ.
վանել,ել,նբ.
դարբնել,ել,նբ.
ընդելուզել,ել,նբ.
զետեղել,ել,նբ.
զառանցել,ել,չբ.
զտել,ել,նբ.
հղփանալ,ալ,չբ.
թոռոմել,ել,չբ.
թորշոմել,ել,չբ.
թրծել,ել,նբ.
լարել,ել,նբ.
լիանալ,ալ,չբ.
լրջանալ,ալ,չբ.
լրթանալ,ալ,չբ.
խածանել,ել,նբ.
խածնել,ել,նբ.
խածել,ել,նբ.
խազել,ել,նբ.,չբ.
խայթել,ել,նբ.
խթել,ել,նբ.
խոթել,ել,նբ.
խանձել,ել,չբ.
խթանել,ել,նբ.
ծաղրել,ել,նբ.
ծլել,ել,չբ.
կայանալ,ալ,չբ.
կաղկանձել,ել,չբ.
կռանալ,ալ,չբ.
տաշել,ել,նբ.
կճել,ել,նբ.,չբ.
կթոտել,ել,նբ.,չբ.
կցել,ել,նբ.
կոշկոճել,ել,նբ.
կոչել,ել,նբ.
կռթնել,ել,չբ.
կռկռալ,ալ,չբ.
կռնչել,ել,չբ.
կռնչալ,ալ,չբ.
կտղել,ել,չբ.
ընկղմել,ել,նբ.,չբ.
հայթայթել,ել,նբ.
հայցել,ել,նբ.
հաստել,ել,նբ.
հատնել,ել,նբ.
հատել,ել,նբ.
էտել,ել,նբ.
հափափել,ել,նբ.
խեղդել,ել,նբ.
զեղել,ել,նբ.
ողողել,ել,նբ.
հիանալ,ել,չբ.
հնանալ,ալ,չբ.
ձաղել,ել,նբ.
ձաղկել,ել,նբ.
ձաղտել,ել,նբ.
կռահել,ել,նբ.
ճմլել,ել,նբ.
վճարել,ել,նբ.
ճմռել,ել,նբ.
ճմռթել,ել,նբ.
մալել,ել,նբ.
մաղել,ել,նբ.,չբ.
մայել,ել,չբ.
բավարարել,ել,նբ.
մգլել,ել,նբ.
մեկնել,ել,չբ.,նբ.
հոլանել,ել,նբ.
հոլաթևել,ել,չբ.
վճռել,ել,նբ.
որոշել,ել,նբ.
հոտել,ել,չբ.,նբ.
ծնգալ,ալ,չբ.
մռմռալ,ալ,չբ.
մրմնջալ,ալ,նբ.,չբ.
փնտրել,ել,նբ.
քրթմնջալ,ալ,չբ.
մնչել,ել,չբ.
հատակել,ել,նբ.
ներկայացնել,ել,նբ.
հղանալ,ալ,նբ.
հղիանալ,ալ,չբ.
հոգնել,ել,չբ.
նիրհել,ել,չբ.
հողդողդել,ել,չբ.
հորջորջել,ել,նբ.
թոթովել,ել,չբ.
ուռթել,ել,նբ.
ուռթանալ,ալ,չբ.
հուռթանալ,ալ,չբ.
օրհնել,ել,նբ.
պագնել,ել,նբ.
պագել,ել,նբ.
ճվատել,ել,նբ.
փրթել,ել,նբ.,չբ.
նավել,ել,չբ.
սայթաքել,ել,չբ.
թովել,ել,նբ.
վերընթերցել,ել,նբ.
թառել,ել,չբ.
գրառել,ել,նբ.
բնութագրել,ել,նբ.
ընդգծել,ել,նբ.
պարգևել,ել,նբ.
զառամել,ել,չբ.
զառամանալ,ալ,չբ.
սանձահարել,ել,նբ.
խորհել,ել,նբ.,չբ.
ճախրել,ել,չբ.
խնամել,ել,նբ.
գուրգուրել,ել,նբ.
փայփայել,ել,նբ.
գուրգուրալ,ալ,չբ.
ողջագուրել,ել,նբ.
փրփրել,ել,չբ.
փրփրալ,ալ,չբ.
վրդովել,ել,նբ.
հալել,ել,նբ.
ենթարկել,ել,նբ.
վրդովվել,ել,չբ.
մաքառել,ել,չբ.
լկստվել,ել,չբ.
ապշել,ել,չբ.
գորովել,ել,չբ.
հառել,ել,նբ.
գոյանալ,ալ,չբ.
կաշկանդել,ել,նբ.
փարվել,ել,չբ.
վերծանել,ել,նբ.
թվարկել,ել,նբ.
հիմնավորել,ել,նբ.
ճշգրտել,ել,նբ.
վխտալ,ալ,չբ.
սսկվել,ել,չբ.
որոնել,ել,նբ.
զրուցել,ել,չբ.
մագլցել,ել,չբ.
փռթկալ,ալ,չբ.
փռթկացնել,ել,չբ.
մատնել,ել,նբ.
մոլեգնել,ել,չբ.
խոյանալ,ալ,չբ.
ահաբեկվել,ել,չբ.
տեղափոխել,ել,նբ.
ձգտել,ել,չբ.
հածել,ել,չբ.,նբ.
ալարել,ել,չբ.
աղճատել,ել,նբ.
քչքչալ,ալ,չբ.
կարկաչել,ել,չբ.
դայլայլել,ել,չբ.
կտցել,ել,նբ.
խոխոջալ,ալ,չբ.
խոխոջել,ել,չբ.
ներել,ել,նբ.
նվալ,ալ,չբ.
կարոտել,ել,չբ.
զավթել,ել,նբ.
հրապուրել,ել,նբ.
աղաղակել,ել,չբ.,նբ.
կքել,ել,նբ.,չբ.
տնօրինել,ել,նբ.
ներխուժել,ել,չբ.
տապալել,ել,նբ.
շառաչել,ել,չբ.
վերագրել,ել,նբ.
զխկտել,ել,նբ.
խորհրդանշել,ել,նբ.
սրամտել,ել,չբ.
ստրկանալ,ել,չբ.
հպատակվել,ել,չբ.
արտորալ,ալ,չբ.
շտապել,ել,չբ.
ավանդել,ել,նբ.
հոշոտել,ել,նբ.
արդարացնել,ել,նբ.
արդարանալ,ալ,չբ.
տրոհել,ել,նբ.
նպաստել,ել,նբ.
մղել,ել,նբ.
սթափվել,ել,չբ.
կանխել,ել,չբ.
արտագաղթել,ել,չբ.
շտկել,ել,նբ.
ներգաղթել,ել,չբ.
հառնել,ել,չբ.
օժանդակել,ել,չբ.
վիճաբանել,ել,նբ.
շշնջալ,ալ,չբ.,նբ.
հուսահատվել,ել,չբ.
լծել,ել,նբ.
նվաղել,ել,չբ.
սավառնել,ել,չբ.
բողբոջել,ել,չբ.
նախընտրել,ել,նբ.
սփռել,ել,նբ.
տարակուսել,ել,չբ.,նբ.
դարանակալել,ել,չբ.
հագեցնել,ել,նբ.
առկայծել,ել,չբ.
կողոպտել,ել,նբ.
վռնդել,ել,նբ.
աղտոտել,ել,նբ.
կեղտոտել,ել,նբ.
արածեցնել,ել,նբ.
սփոփվել,ել,չբ.
սփոփել,ել,նբ.
փոխհատուցել,ել,նբ.
հարկադրել,ել,նբ.
մխիթարել,ել,նբ.
տուժել,ել,չբ.
տուժվել,ել,չբ.
բխել,ել,չբ.,նբ.
զրնգալ,ալ,չբ.
ողողվել,ել,չբ.
քաջալերել,ել,նբ.
մտորել,ել,չբ.
հետազոտել,ել,նբ.
մտմտալ,ալ,չբ.
կշռադատել,ել,նբ.
բնորոշել,ել,նբ.
կիրառվել,ել,չբ.
կիրառել,ել,նբ.
շպռտել,ել,նբ.
ծլարձակել,ել,չբ.
հեծել,ել,չբ.
փայլատակել,ել,նբ.
խռմփացնել,ել,չբ.
խռմփալ,ալ,չբ.
հանգստանալ,ալ,չբ.
հատկացնել,ել,նբ.
ընկճել,ել,նբ.,չբ.
հրահրել,ել,նբ.
խնկել,ել,նբ.
դիպչել,ել,չբ.
հակազդել,ել,չբ.
շնորհել,ել,նբ.
բրթել,ել,նբ.
խեթկել,ել,նբ.
լափել,ել,նբ.
հրճվել,ել,չբ.
գգվել,ել,նբ.
հրկիզել,ել,նբ.
հմայել,ել,նբ.
խրախուսել,ել,նբ.
ոգեշնչել,ել,նբ.
սպասարկել,ել,նբ.
զգուշանալ,ալ,չբ.
կողպել,ել,նբ.
ախտորոշել,ել,նբ.
աջակցել,ել,չբ.
հիասթափվել,ել,չբ.
վարել,ել,նբ.
կկել,ել,նբ.
ներբեռնել,ել,նբ.
ծղրտալ,ալ,չբ.
շիկանալ,ալ,չբ.
ստորագրել,ել,նբ.
աբստրահել,ել,նբ.
աբստրահվել,ել,չբ.
աճեցնել,ել,նբ.
ուժեղանալ,ալ,չբ.
շատանալ,ալ,չբ.
մեղադրել,ել,նբ.
ստուգել,ել,նբ.
թլվատել,ել,չբ.,նբ.
բանեցնել,ել,նբ.
լրտեսել,ել,նբ.
ունկնդրել,ել,նբ.
խոչընդոտել,ել,նբ.
արորել,ել,նբ.
կերտել,ել,նբ.
երերալ,ալ,չբ.
վարանել,ել,չբ.
տարամիտել,ել,չբ.
երկմտել,ել,չբ.
երկբայել,ել,նբ.
երկբայանալ,ալ,նբ.
կասկածել,ել,չբ.
գրգռել,ել,նբ.
սադրել,ել,նբ.
հորդորել,ել,նբ.
դրդել,ել,նբ.
տոկալ,ալ,չբ.
անորոշանալ,ալ,չբ.
հղել,ել,նբ.
բողոքարկել,ել,նբ.
պղծել,ել,նբ.
հատուցել,ել,նբ.
ճամփել,ել,նբ.
ճամփորդել,ել,չբ.
ճանապարհորդել,ել,չբ.
հեգնել,ել,նբ.
ամայանալ,ալ,չբ.
հուսալքել,ել,նբ.
հուսահատեցնել,ել,նբ.
վհատել,ել,չբ.
վհատեցնել,ել,նբ.
խզել,ել,նբ.
ամորձատել,ել,նբ.
ներքինացնել,ել,նբ.
բացառել,ել,նբ.
բացառվել,ել,չբ.
փարթամանալ,ալ,չբ.
փայլունանալ,ալ,չբ.
ներքինանալ,ալ,չբ.
առաջադիմել,ել,չբ.
փութացնել,ել,նբ.
աճապարել,ել,չբ.
ճկել,ել,նբ,.չբ.
պաճուճաբանել,ել,չբ.
փքել,ել,նբ.
փքվել,ել,չբ.
ճոռոմաբանել,ել,չբ.
ճոռոմախոսել,ել,չբ.
ազդել,ել,նբ.
ազդվել,ել,չբ.
պոռոչել,ել,չբ.
պոռոտաբանել,ել,չբ.
պոռոտախոսել,ել,չբ.
մեծաբանել,ել,չբ.
ամբարտավանանալ,ալ,չբ.
ամբարտավանել,ել,չբ.
խրոխտանալ,ալ,չբ.
հուզել,ել,նբ.
վերուվարել,ել,նբ.
սրտաշարժել,ել,նբ.
ալեկոծել,ել,նբ.
ծփել,ել,նբ.
ծեփել,ել,նբ.
սնգուրել,ել,նբ.
սնգուրվել,ել,նբ.
ոլորել,ել,նբ.
գանգրանալ,ալ,չբ.
ոլորակել,ել,նբ.
տրցակել,ել,նբ.
խոպոպանալ,ալ,չբ.
խոպոպել,ել,նբ.
խրթել,ել,նբ.
խռթացնել,ել,նբ.
մտադրել,ել,նբ.,չբ.
մտադրվել,ել,չբ.
չաղանալ,ալ,չբ.
տռզել,ել,չբ.
տկռել,ել,չբ.
ծածկել,ել,նբ.
լեցնել,ել,նբ.
գործարկել,ել,նբ.
շահագործել,ել,նբ.
չարաշահել,ել,նբ.
դատապարտել,ել,նբ.
կանխագրել,ել,նբ.
ուրանալ,ալ,նբ.
ուսումնասիրել,ել,նբ.
պայմանավորել,ել,նբ.
պայմանավորվել,ել,չբ.
համաձայնել,ել,չբ.
կանխամտածվել,ել,չբ.
կանխամտածել,ել,նբ.
առերեսել,ել,նբ.
առերեսվել,ել,չբ.
հառաչել,ել,չբ.
հեծեծել,ել,չբ.
վայելել,ել,նբ.,չբ.
շփոթել,ել,նբ.
շփոթվել,ել,չբ.
ապահովել,ել,նբ.
ապահովվել,ել,չբ.
պարապել,ել,չբ.
փորձել,ել,նբ.
հերքվել,ել,չբ.
պահածոյացնել,ել,նբ.
տարվել,ել,չբ.
պարտվել,ել,չբ.
ծպտել,ել,նբ.
ծպտվել,ել,չբ.
ճողոպրել,ել,չբ.
պատառել,ել,նբ.
ծափահարել,ել,նբ.,չբ.
ծափահարվել,ել,չբ.
լկստել,ել,նբ.
պահածոյանալ,ալ,չբ.
խղճալ,ալ,չբ.
վանկարկել,ել,նբ.
վանկել,ել,նբ.
նախանձել,ել,չբ.
կշռել,ել,նբ.
թափվել,ել,չբ.
բարելավել,ել,նբ.
բաժանվել,ել,չբ.
գնահատել,ել,նբ.
բնակվել,ել,չբ.
տառապել,ել,չբ.
տառապեցնել,ել,նբ.
առողջացնել,ել,նբ.
դատարկել,ել,նբ.
զվարճանալ,ալ,չբ.
զվարճացնել,ել,նբ.
դրսևորել,ել,նբ.
հաճախել,ել,նբ.
հաճախեցնել,ել,նբ.
արտաքսել,ել,նբ.
աքսորել,ել,նբ.
աքսորվել,ել,չբ.
կարեկցել,ել,չբ.
հարսնանալ,ալ,չբ.
հարսնացնել,ել,նբ.
պատկանել,ել,չբ.
խռթալ,ալ,չբ.
ջղայնանալ,ալ,չբ.
կատակել,ել,չբ.
կախարդել,ել,նբ.
կախարդվել,ել,չբ.
անզգայանալ,ալ,չբ.
հիասթափեցնել,ել,նբ.
ապացուցել,ել,նբ.
ապացուցվել,ել,չբ.
գիտակցել,ել,նբ.
գիտակցվել,ել,չբ.
ահաբեկել,ել,նբ.
վտանգել,ել,նբ.
պատկառել,ել,չբ.
ակնածել,ել,չբ.
երկյուղածել,ել,չբ.
երկյուղել,ել,չբ.
ահազանգել,ել,չբ.
սարսափահարել,ել,նբ.
սարսափել,ել,չբ.
զարհուրել,ել,չբ.
մխրճել,ել,նբ.
մխրճվել,ել,չբ.
մխվել,ել,չբ.
թաղել,ել,նբ.
երթևեկել,ել,չբ.
առկախել,ել,նբ.
իջևանել,ել,չբ.
վերջակետել,ել,նբ.
վախճանվել,ել,չբ.
վերջանալ,ալ,չբ.
վերջավորել,ել,նբ.
վերջափակել,ել,նբ.
հապաղել,ել,չբ.,նբ.
վերջնամշակել,ել,նբ.
վերջոտնել,ել,չբ.
մոգոնել,ել,նբ.
ծախել,ել,նբ.
ծախծխել,ել,նբ.
ծախծխոտել,ել,նբ.
ծախծխորել,ել,նբ.
ծախոտել,ել,նբ.
սակարկել,ել,նբ.
ծախսագրել,ել,նբ.
ծախսել,ել,նբ.
ծախսվել,ել,չբ.
ճեղքել,ել,նբ.
մոտանալ,ալ,չբ.
մոտավորել,ել,նբ.
մոտիկանալ,ալ,չբ.
բանակցել,ել,չբ.
ապահովանալ,ալ,չբ.
անդամալուծել,ել,նբ.
աբսորբել,ել,նբ.
ագահանալ,ալ,չբ.
ագահել,ել,չբ.
ագարականալ,ալ,չբ.
ագուցահանել,ել,նբ.
ագուցավորել,ել,նբ.
ագռավանալ,ալ,չբ.
ագրեգատավորել,ել,նբ.
կացնահարել,ել,նբ.
կացնահարվել,ել,չբ.
կացնել,ել,նբ.
ընդունվել,ել,չբ.
պատժել,ել,նբ.
պատժվել,ել,չբ.
փաստարկել,ել,նբ.
փաստարկվել,ել,չբ.
փաստել,ել,նբ.
փաստվել,ել,չբ.
գրանցել,ել,նբ.
գրանցվել,ել,չբ.
դադարել,ել,չբ.
դադարեցվել,ել,չբ.
լիազորել,ել,նբ.
լիազորվել,ել,չբ.
մեղադրվել,ել,չբ.
զինել,ել,նբ.
զինվել,ել,չբ.
հայտնաբերել,ել,նբ.
հանդիպել,ել,չբ.
հայտարարվել,ել,չբ.
ստանձնել,ել,նբ.
ստորանալ,ալ,չբ.
ստորացվել,ել,չբ.
կարգաբանել,ել,նբ.
համագործակցել,ել,չբ.
առավոտանալ,ալ,չբ.
ուշանալ,ալ,չբ.
լցվել,ել,չբ.
առողջանալ,ալ,չբ.
ազատագրել,ել,նբ.
ազատագրվել,ել,չբ.
ազատազրկել,ել,նբ.
ազաբանալ,ալ,չբ.
լավանալ,ալ,չբ.
բնակել,ել,չբ.
կռկել,ել,չբ.
ակնկալել,ել,նբ.
կախվել,ել,չբ.
կազդուրվել,ել,չբ.
գրկել,ել,նբ.
գանգրել,ել,նբ.
ջոկել,ել,նբ.
ցանել,ել,նբ.
ավարտել,ել,նբ.
սատարել,ել,նբ.
քսել,ել,նբ.
դիտել,ել,նբ.
թեքել,ել,նբ.
ադամանդել,ել,նբ.
ազատագնել,ել,նբ.
թեքվել,ել,չբ.
թնդալ,ալ,չբ.
լուսանկարել,ել,նբ.
մերժել,ել,նբ.
զրկել,ել,չբ.,նբ.
ցատկել,ել,չբ.
հենվել,ել,չբ.
թաթավել,ել,նբ.
մշակել,ել,նբ.
գերել,ել,նբ.
զարգանալ,ալ,չբ.
թխել,ել,նբ.
արժենալ,ալ,չբ.,նբ.
ցանցել,ել,նբ.
հերկել,ել,նբ.
ապացուցանել,ել,նբ.
աղանձել,ել,նբ.
գաղթել,ել,չբ.
արծնել,ել,նբ.
արծարծել,ել,նբ.
բովել,ել,նբ.
գալարել,ել,նբ.
գաղել,ել,նբ.